season,team_id,team_abbr,seq,coach_name,games,source
2022,1610612737,ATL,0,Nate McMillan,59,basketball-reference.com NBA_2023_coaches (hand-copied 2026-10-10; unverified beyond 82-game sums)
2022,1610612737,ATL,1,Joe Prunty,2,basketball-reference.com NBA_2023_coaches (hand-copied 2026-10-10; unverified beyond 82-game sums)
2022,1610612737,ATL,2,Quin Snyder,21,basketball-reference.com NBA_2023_coaches (hand-copied 2026-10-10; unverified beyond 82-game sums)
2022,1610612738,BOS,0,Joe Mazzulla,82,basketball-reference.com NBA_2023_coaches (hand-copied 2026-10-10; unverified beyond 82-game sums)
2022,1610612751,BKN,0,Steve Nash,7,basketball-reference.com NBA_2023_coaches (hand-copied 2026-10-10; unverified beyond 82-game sums)
2022,1610612751,BKN,1,Jacque Vaughn,75,basketball-reference.com NBA_2023_coaches (hand-copied 2026-10-10; unverified beyond 82-game sums)
2022,1610612741,CHI,0,Billy Donovan,82,basketball-reference.com NBA_2023_coaches (hand-copied 2026-10-10; unverified beyond 82-game sums)
2022,1610612766,CHA,0,Steve Clifford,82,basketball-reference.com NBA_2023_coaches (hand-copied 2026-10-10; unverified beyond 82-game sums)
2022,1610612739,CLE,0,J.B. Bickerstaff,82,basketball-reference.com NBA_2023_coaches (hand-copied 2026-10-10; unverified beyond 82-game sums)
2022,1610612742,DAL,0,Jason Kidd,82,basketball-reference.com NBA_2023_coaches (hand-copied 2026-10-10; unverified beyond 82-game sums)
2022,1610612743,DEN,0,Michael Malone,82,basketball-reference.com NBA_2023_coaches (hand-copied 2026-10-10; unverified beyond 82-game sums)
2022,1610612765,DET,0,Dwane Casey,82,basketball-reference.com NBA_2023_coaches (hand-copied 2026-10-10; unverified beyond 82-game sums)
2022,1610612744,GSW,0,Steve Kerr,82,basketball-reference.com NBA_2023_coaches (hand-copied 2026-10-10; unverified beyond 82-game sums)
2022,1610612745,HOU,0,Stephen Silas,82,basketball-reference.com NBA_2023_coaches (hand-copied 2026-10-10; unverified beyond 82-game sums)
2022,1610612754,IND,0,Rick Carlisle,82,basketball-reference.com NBA_2023_coaches (hand-copied 2026-10-10; unverified beyond 82-game sums)
2022,1610612746,LAC,0,Tyronn Lue,82,basketball-reference.com NBA_2023_coaches (hand-copied 2026-10-10; unverified beyond 82-game sums)
2022,1610612747,LAL,0,Darvin Ham,82,basketball-reference.com NBA_2023_coaches (hand-copied 2026-10-10; unverified beyond 82-game sums)
2022,1610612763,MEM,0,Taylor Jenkins,82,basketball-reference.com NBA_2023_coaches (hand-copied 2026-10-10; unverified beyond 82-game sums)
2022,1610612748,MIA,0,Erik Spoelstra,82,basketball-reference.com NBA_2023_coaches (hand-copied 2026-10-10; unverified beyond 82-game sums)
2022,1610612749,MIL,0,Mike Budenholzer,82,basketball-reference.com NBA_2023_coaches (hand-copied 2026-10-10; unverified beyond 82-game sums)
2022,1610612750,MIN,0,Chris Finch,82,basketball-reference.com NBA_2023_coaches (hand-copied 2026-10-10; unverified beyond 82-game sums)
2022,1610612740,NOP,0,Willie Green,82,basketball-reference.com NBA_2023_coaches (hand-copied 2026-10-10; unverified beyond 82-game sums)
2022,1610612752,NYK,0,Tom Thibodeau,82,basketball-reference.com NBA_2023_coaches (hand-copied 2026-10-10; unverified beyond 82-game sums)
2022,1610612760,OKC,0,Mark Daigneault,82,basketball-reference.com NBA_2023_coaches (hand-copied 2026-10-10; unverified beyond 82-game sums)
2022,1610612753,ORL,0,Jamahl Mosley,82,basketball-reference.com NBA_2023_coaches (hand-copied 2026-10-10; unverified beyond 82-game sums)
2022,1610612755,PHI,0,Doc Rivers,82,basketball-reference.com NBA_2023_coaches (hand-copied 2026-10-10; unverified beyond 82-game sums)
2022,1610612756,PHX,0,Monty Williams,82,basketball-reference.com NBA_2023_coaches (hand-copied 2026-10-10; unverified beyond 82-game sums)
2022,1610612757,POR,0,Chauncey Billups,82,basketball-reference.com NBA_2023_coaches (hand-copied 2026-10-10; unverified beyond 82-game sums)
2022,1610612758,SAC,0,Mike Brown,82,basketball-reference.com NBA_2023_coaches (hand-copied 2026-10-10; unverified beyond 82-game sums)
2022,1610612759,SAS,0,Gregg Popovich,82,basketball-reference.com NBA_2023_coaches (hand-copied 2026-10-10; unverified beyond 82-game sums)
2022,1610612761,TOR,0,Nick Nurse,82,basketball-reference.com NBA_2023_coaches (hand-copied 2026-10-10; unverified beyond 82-game sums)
2022,1610612762,UTA,0,Will Hardy,82,basketball-reference.com NBA_2023_coaches (hand-copied 2026-10-10; unverified beyond 82-game sums)
2022,1610612764,WAS,0,Wes Unseld,82,basketball-reference.com NBA_2023_coaches (hand-copied 2026-10-10; unverified beyond 82-game sums)
2023,1610612737,ATL,0,Quin Snyder,82,basketball-reference.com NBA_2024_coaches (hand-copied 2026-10-10; unverified beyond 82-game sums)
2023,1610612738,BOS,0,Joe Mazzulla,82,basketball-reference.com NBA_2024_coaches (hand-copied 2026-10-10; unverified beyond 82-game sums)
2023,1610612751,BKN,0,Jacque Vaughn,54,basketball-reference.com NBA_2024_coaches (hand-copied 2026-10-10; unverified beyond 82-game sums)
2023,1610612751,BKN,1,Kevin Ollie,28,basketball-reference.com NBA_2024_coaches (hand-copied 2026-10-10; unverified beyond 82-game sums)
2023,1610612741,CHI,0,Billy Donovan,82,basketball-reference.com NBA_2024_coaches (hand-copied 2026-10-10; unverified beyond 82-game sums)
2023,1610612766,CHA,0,Steve Clifford,82,basketball-reference.com NBA_2024_coaches (hand-copied 2026-10-10; unverified beyond 82-game sums)
2023,1610612739,CLE,0,J.B. Bickerstaff,82,basketball-reference.com NBA_2024_coaches (hand-copied 2026-10-10; unverified beyond 82-game sums)
2023,1610612742,DAL,0,Jason Kidd,82,basketball-reference.com NBA_2024_coaches (hand-copied 2026-10-10; unverified beyond 82-game sums)
2023,1610612743,DEN,0,Michael Malone,82,basketball-reference.com NBA_2024_coaches (hand-copied 2026-10-10; unverified beyond 82-game sums)
2023,1610612765,DET,0,Monty Williams,82,basketball-reference.com NBA_2024_coaches (hand-copied 2026-10-10; unverified beyond 82-game sums)
2023,1610612744,GSW,0,Steve Kerr,82,basketball-reference.com NBA_2024_coaches (hand-copied 2026-10-10; unverified beyond 82-game sums)
2023,1610612745,HOU,0,Ime Udoka,82,basketball-reference.com NBA_2024_coaches (hand-copied 2026-10-10; unverified beyond 82-game sums)
2023,1610612754,IND,0,Rick Carlisle,82,basketball-reference.com NBA_2024_coaches (hand-copied 2026-10-10; unverified beyond 82-game sums)
2023,1610612746,LAC,0,Tyronn Lue,82,basketball-reference.com NBA_2024_coaches (hand-copied 2026-10-10; unverified beyond 82-game sums)
2023,1610612747,LAL,0,Darvin Ham,82,basketball-reference.com NBA_2024_coaches (hand-copied 2026-10-10; unverified beyond 82-game sums)
2023,1610612763,MEM,0,Taylor Jenkins,82,basketball-reference.com NBA_2024_coaches (hand-copied 2026-10-10; unverified beyond 82-game sums)
2023,1610612748,MIA,0,Erik Spoelstra,82,basketball-reference.com NBA_2024_coaches (hand-copied 2026-10-10; unverified beyond 82-game sums)
2023,1610612749,MIL,0,Adrian Griffin,43,basketball-reference.com NBA_2024_coaches (hand-copied 2026-10-10; unverified beyond 82-game sums)
2023,1610612749,MIL,1,Joe Prunty,3,basketball-reference.com NBA_2024_coaches (hand-copied 2026-10-10; unverified beyond 82-game sums)
2023,1610612749,MIL,2,Doc Rivers,36,basketball-reference.com NBA_2024_coaches (hand-copied 2026-10-10; unverified beyond 82-game sums)
2023,1610612750,MIN,0,Chris Finch,82,basketball-reference.com NBA_2024_coaches (hand-copied 2026-10-10; unverified beyond 82-game sums)
2023,1610612740,NOP,0,Willie Green,82,basketball-reference.com NBA_2024_coaches (hand-copied 2026-10-10; unverified beyond 82-game sums)
2023,1610612752,NYK,0,Tom Thibodeau,82,basketball-reference.com NBA_2024_coaches (hand-copied 2026-10-10; unverified beyond 82-game sums)
2023,1610612760,OKC,0,Mark Daigneault,82,basketball-reference.com NBA_2024_coaches (hand-copied 2026-10-10; unverified beyond 82-game sums)
2023,1610612753,ORL,0,Jamahl Mosley,82,basketball-reference.com NBA_2024_coaches (hand-copied 2026-10-10; unverified beyond 82-game sums)
2023,1610612755,PHI,0,Nick Nurse,82,basketball-reference.com NBA_2024_coaches (hand-copied 2026-10-10; unverified beyond 82-game sums)
2023,1610612756,PHX,0,Frank Vogel,82,basketball-reference.com NBA_2024_coaches (hand-copied 2026-10-10; unverified beyond 82-game sums)
2023,1610612757,POR,0,Chauncey Billups,82,basketball-reference.com NBA_2024_coaches (hand-copied 2026-10-10; unverified beyond 82-game sums)
2023,1610612758,SAC,0,Mike Brown,82,basketball-reference.com NBA_2024_coaches (hand-copied 2026-10-10; unverified beyond 82-game sums)
2023,1610612759,SAS,0,Gregg Popovich,82,basketball-reference.com NBA_2024_coaches (hand-copied 2026-10-10; unverified beyond 82-game sums)
2023,1610612761,TOR,0,Darko Rajakovic,82,basketball-reference.com NBA_2024_coaches (hand-copied 2026-10-10; unverified beyond 82-game sums)
2023,1610612762,UTA,0,Will Hardy,82,basketball-reference.com NBA_2024_coaches (hand-copied 2026-10-10; unverified beyond 82-game sums)
2023,1610612764,WAS,0,Wes Unseld,43,basketball-reference.com NBA_2024_coaches (hand-copied 2026-10-10; unverified beyond 82-game sums)
2023,1610612764,WAS,1,Brian Keefe,39,basketball-reference.com NBA_2024_coaches (hand-copied 2026-10-10; unverified beyond 82-game sums)
2024,1610612737,ATL,0,Quin Snyder,82,basketball-reference.com NBA_2025_coaches (hand-copied 2026-10-10; unverified beyond 82-game sums)
2024,1610612738,BOS,0,Joe Mazzulla,82,basketball-reference.com NBA_2025_coaches (hand-copied 2026-10-10; unverified beyond 82-game sums)
2024,1610612751,BKN,0,Jordi Fernandez,82,basketball-reference.com NBA_2025_coaches (hand-copied 2026-10-10; unverified beyond 82-game sums)
2024,1610612741,CHI,0,Billy Donovan,82,basketball-reference.com NBA_2025_coaches (hand-copied 2026-10-10; unverified beyond 82-game sums)
2024,1610612766,CHA,0,Charles Lee,82,basketball-reference.com NBA_2025_coaches (hand-copied 2026-10-10; unverified beyond 82-game sums)
2024,1610612739,CLE,0,Kenny Atkinson,82,basketball-reference.com NBA_2025_coaches (hand-copied 2026-10-10; unverified beyond 82-game sums)
2024,1610612742,DAL,0,Jason Kidd,82,basketball-reference.com NBA_2025_coaches (hand-copied 2026-10-10; unverified beyond 82-game sums)
2024,1610612743,DEN,0,Michael Malone,79,basketball-reference.com NBA_2025_coaches (hand-copied 2026-10-10; unverified beyond 82-game sums)
2024,1610612743,DEN,1,David Adelman,3,basketball-reference.com NBA_2025_coaches (hand-copied 2026-10-10; unverified beyond 82-game sums)
2024,1610612765,DET,0,J.B. Bickerstaff,82,basketball-reference.com NBA_2025_coaches (hand-copied 2026-10-10; unverified beyond 82-game sums)
2024,1610612744,GSW,0,Steve Kerr,82,basketball-reference.com NBA_2025_coaches (hand-copied 2026-10-10; unverified beyond 82-game sums)
2024,1610612745,HOU,0,Ime Udoka,82,basketball-reference.com NBA_2025_coaches (hand-copied 2026-10-10; unverified beyond 82-game sums)
2024,1610612754,IND,0,Rick Carlisle,82,basketball-reference.com NBA_2025_coaches (hand-copied 2026-10-10; unverified beyond 82-game sums)
2024,1610612746,LAC,0,Tyronn Lue,82,basketball-reference.com NBA_2025_coaches (hand-copied 2026-10-10; unverified beyond 82-game sums)
2024,1610612747,LAL,0,JJ Redick,82,basketball-reference.com NBA_2025_coaches (hand-copied 2026-10-10; unverified beyond 82-game sums)
2024,1610612763,MEM,0,Taylor Jenkins,73,basketball-reference.com NBA_2025_coaches (hand-copied 2026-10-10; unverified beyond 82-game sums)
2024,1610612763,MEM,1,Tuomas Iisalo,9,basketball-reference.com NBA_2025_coaches (hand-copied 2026-10-10; unverified beyond 82-game sums)
2024,1610612748,MIA,0,Erik Spoelstra,82,basketball-reference.com NBA_2025_coaches (hand-copied 2026-10-10; unverified beyond 82-game sums)
2024,1610612749,MIL,0,Doc Rivers,82,basketball-reference.com NBA_2025_coaches (hand-copied 2026-10-10; unverified beyond 82-game sums)
2024,1610612750,MIN,0,Chris Finch,82,basketball-reference.com NBA_2025_coaches (hand-copied 2026-10-10; unverified beyond 82-game sums)
2024,1610612740,NOP,0,Willie Green,82,basketball-reference.com NBA_2025_coaches (hand-copied 2026-10-10; unverified beyond 82-game sums)
2024,1610612752,NYK,0,Tom Thibodeau,82,basketball-reference.com NBA_2025_coaches (hand-copied 2026-10-10; unverified beyond 82-game sums)
2024,1610612760,OKC,0,Mark Daigneault,82,basketball-reference.com NBA_2025_coaches (hand-copied 2026-10-10; unverified beyond 82-game sums)
2024,1610612753,ORL,0,Jamahl Mosley,82,basketball-reference.com NBA_2025_coaches (hand-copied 2026-10-10; unverified beyond 82-game sums)
2024,1610612755,PHI,0,Nick Nurse,82,basketball-reference.com NBA_2025_coaches (hand-copied 2026-10-10; unverified beyond 82-game sums)
2024,1610612756,PHX,0,Mike Budenholzer,82,basketball-reference.com NBA_2025_coaches (hand-copied 2026-10-10; unverified beyond 82-game sums)
2024,1610612757,POR,0,Chauncey Billups,82,basketball-reference.com NBA_2025_coaches (hand-copied 2026-10-10; unverified beyond 82-game sums)
2024,1610612758,SAC,0,Mike Brown,31,basketball-reference.com NBA_2025_coaches (hand-copied 2026-10-10; unverified beyond 82-game sums)
2024,1610612758,SAC,1,Doug Christie,51,basketball-reference.com NBA_2025_coaches (hand-copied 2026-10-10; unverified beyond 82-game sums)
2024,1610612759,SAS,0,Gregg Popovich,5,basketball-reference.com NBA_2025_coaches (hand-copied 2026-10-10; unverified beyond 82-game sums)
2024,1610612759,SAS,1,Mitch Johnson,77,basketball-reference.com NBA_2025_coaches (hand-copied 2026-10-10; unverified beyond 82-game sums)
2024,1610612761,TOR,0,Darko Rajakovic,82,basketball-reference.com NBA_2025_coaches (hand-copied 2026-10-10; unverified beyond 82-game sums)
2024,1610612762,UTA,0,Will Hardy,82,basketball-reference.com NBA_2025_coaches (hand-copied 2026-10-10; unverified beyond 82-game sums)
2024,1610612764,WAS,0,Brian Keefe,82,basketball-reference.com NBA_2025_coaches (hand-copied 2026-10-10; unverified beyond 82-game sums)
